{"cameraMode":{"drawMode":0,"name":"Shaded","section":"Shading Mode"},"sceneLighting":true,"audioPlay":false,"sceneViewState":{"m_AlwaysRefresh":false,"showFog":true,"showSkybox":true,"showFlares":true,"showImageEffects":true,"showParticleSystems":true,"showVisualEffectGraphs":true,"m_FxEnabled":true},"in2DMode":false,"pivot":{"x":103.11288452148438,"y":15.494115829467774,"z":-48.67667007446289},"rotation":{"x":0.06324692070484162,"y":-0.02545386180281639,"z":0.0016119114588946105,"w":0.9976750016212463},"size":0.8660253882408142,"orthographic":false}